relative_file,sha256
"run_revision_experiments.m","c70c016e5df162af0d8d4848040269112f8548105e5cfce2e7febc81f50e11c7"
"code\solve_sglog.m","dcba4b1457020de417e6b2c7845d0dc6cca9576dda3b794834e4f8621af70522"
"code\prepare_symmetric_sylvester.m","6181c5bf2af1674ea30fbd209a63ec1301e52766a24ea79d98afefbdd914eafa"
"code\solve_symmetric_sylvester_cached.m","e37aa19de7b6639105974a82f46765cd589cd01794c56bf8eb4309086fb9fae7"
"code\evaluate_repeated.m","b1b8f0b518ee7ad3bc3b91637b0762781389295a326aa94c42d3b3e750327263"
"code\construct_gradient_operator.m","d904f4a555c862b7dfa0797cea4db2ba5819d3859682a5dc94b96a41f32d93e3"
"code\prox_gamma_scalar.m","4a6cf0487b6d2beff5d3fa1a810555ed0023c067ce15047447924feecddbabcd"
"code\prox_l2log_columns.m","8acc10528d751510e5528dc39f1a9783ebe5d5f66ad127655c7292e723105d98"
"code\prox_tensor_penalty.m","96282263aca622c9b85a13487aa7537ae1a619abd1668ed52c102a52e384e095"
"code\dataset_config.m","e56eec7b56df1fd459cf7857d33334e04dd6a355e20dbcb6e38339d19a909b66"
"code\load_multiview_dataset.m","f216a5d015e7ec033130e3ea213b120b17ddc5453cd749d65744d492e9376be1"
"code\variant_config.m","9746854db1c1fa3018768811dd98b9ee94b9830404d5625eb4685d415b327956"
"code\summarize_runs.m","166f0df941dc924a73a6802e999d0e68cb10636c0508daaa7f41626961f551b6"
