dataset,lambda1,lambda2,gamma,nmi,converged,iterations,eig_K,eig_Kp1,eigengap,diagdom,meanDiag,meanOff,svr,sv1,sv2,froZ,stopping_reason
scene,0.001,1e-05,6,0.86069227,1,33,0.02719068793,0.02535486569,0.00183582224,1.023264968,0.0008518640615,0.0008324960667,0.01545517808,0.9998488852,0.01545284257,1.000048346,tolerance
scene,0.001,1e-05,12,0.84769603,1,33,0.02591573187,0.02459037118,0.001325360691,1.010321205,0.0008406533361,0.000832065418,0.005868052287,0.9993209702,0.005864067704,0.9993518219,tolerance
scene,0.001,1e-05,24,0.85010804,1,33,0.02428850901,0.02174612735,0.002542381653,1.005846865,0.0008361121832,0.000831251965,0.002968040334,0.9983403684,0.002963114481,0.9983485388,tolerance
scene,0.001,0.0001,6,0.84849701,1,34,0.02242724036,0.02102894171,0.001398298646,1.013107396,0.0008434117106,0.0008324998063,0.00958368737,0.9998449505,0.009582201424,0.999917128,tolerance
scene,0.001,0.0001,12,0.84455334,1,34,0.02051981603,0.01984216846,0.0006776475704,1.006762176,0.0008376431808,0.0008320169361,0.00452317806,0.9992598094,0.004519830046,0.9992755699,tolerance
scene,0.001,0.0001,24,0.85936560,1,33,0.01953155322,0.01810670302,0.001424850203,1.00397773,0.0008344645523,0.0008311584284,0.002166586122,0.9982264915,0.002162743664,0.9982303496,tolerance
scene,0.001,0.001,6,0.86638692,1,33,0.02031045183,0.01949624772,0.0008142041126,1.010725611,0.0008414284717,0.0008324994066,0.009086344963,0.9998424884,0.009084913758,0.9999015108,tolerance
scene,0.001,0.001,12,0.85299676,1,33,0.01892712576,0.01789768668,0.001029439073,1.005839017,0.0008368697997,0.0008320116694,0.004478200186,0.9992527195,0.004474853715,0.9992667428,tolerance
scene,0.001,0.001,24,0.86989943,1,33,0.01764202721,0.01628900398,0.001353023233,1.003526281,0.0008340715515,0.0008311407158,0.002189132462,0.9982048464,0.002185202633,0.9982083506,tolerance
scene,0.001,0.01,6,0.85815441,1,37,0.01992666913,0.01800232975,0.001924339377,1.010372566,0.0008411348077,0.0008324996504,0.009226135742,0.9998424862,0.009224682498,0.9999011752,tolerance
scene,0.001,0.01,12,0.86327880,1,37,0.01824866409,0.01659107459,0.001657589501,1.005672522,0.0008367313885,0.0008320117837,0.004567588883,0.9992527167,0.004564175601,0.9992667735,tolerance
scene,0.001,0.01,24,0.87375426,1,37,0.01676016433,0.01520650818,0.00155365615,1.003433916,0.0008339948461,0.0008311407781,0.00225103495,0.9982048429,0.002246993989,0.9982083853,tolerance
scene,0.001,0.05,6,0.85318043,1,40,0.01968079313,0.01769274705,0.001988046086,1.010207433,0.0008409974501,0.0008324997645,0.009225779354,0.9998424847,0.009224326153,0.9999006533,tolerance
scene,0.001,0.05,12,0.84967821,1,40,0.01826202486,0.01622629472,0.002035730139,1.005586257,0.0008366596754,0.0008320118431,0.004575580948,0.9992527152,0.004572161686,0.9992666785,tolerance
scene,0.001,0.05,24,0.85139461,1,40,0.01692683302,0.01491334209,0.002013490934,1.00338529,0.0008339544645,0.0008311408115,0.002262394565,0.9982048414,0.002258333208,0.9982083693,tolerance
scene,0.001,0.1,6,0.85728723,1,41,0.01968787578,0.01771781652,0.001970059258,1.010155294,0.0008409540807,0.0008324998006,0.009216884451,0.9998424842,0.009215432646,0.9999004242,tolerance
scene,0.001,0.1,12,0.84448994,1,41,0.01837272714,0.01619476637,0.00217796077,1.005557449,0.0008366357266,0.000832011863,0.004572595154,0.9992527147,0.004569178121,0.9992666285,tolerance
scene,0.001,0.1,24,0.84183598,1,41,0.01711859359,0.01486997329,0.002248620305,1.003368047,0.0008339401444,0.0008311408234,0.002262268695,0.9982048408,0.002258207562,0.998208357,tolerance
scene,0.01,1e-05,6,0.93208612,1,32,0.08782144156,0.08412775176,0.003693689796,2.290330321,0.001938312076,0.0008463024126,0.3159656257,0.9999864536,0.3159613455,1.16185229,tolerance
scene,0.01,1e-05,12,0.92975040,1,32,0.06769674264,0.06725465449,0.0004420881556,1.878334693,0.001570656425,0.0008361962491,0.2304802787,0.9999654913,0.2304723251,1.09320505,tolerance
scene,0.01,1e-05,24,0.91305801,1,32,0.05991996883,0.05556213399,0.004357834842,1.55816722,0.001297151858,0.0008324856548,0.1978560536,1.000035792,0.1978631353,1.047146032,tolerance
scene,0.01,0.0001,6,0.93702269,1,33,0.07128105545,0.06743284426,0.003848211183,1.657332676,0.001381146548,0.0008333550457,0.2072662855,0.9999851196,0.2072632013,1.056394445,tolerance
scene,0.01,0.0001,12,0.91697808,1,32,0.05586136159,0.05412860905,0.001732752531,1.409687921,0.001173388141,0.0008323744023,0.1494641423,0.9999646972,0.1494588658,1.026837651,tolerance
scene,0.01,0.0001,24,0.90571789,1,32,0.04880538736,0.04478467372,0.004020713634,1.282199643,0.00106740137,0.0008324767335,0.1382725908,1.000041137,0.1382782789,1.018141215,tolerance
scene,0.01,0.001,6,0.91226288,1,34,0.05768636484,0.05042178189,0.007264582949,1.427504109,0.001189083734,0.0008329809531,0.1881143053,0.9999837661,0.1881112514,1.040240585,tolerance
scene,0.01,0.001,12,0.92031729,1,34,0.04845701945,0.0448118908,0.003645128647,1.268623415,0.001056046745,0.0008324351674,0.1336874819,0.9999724527,0.1336837992,1.017920454,tolerance
scene,0.01,0.001,24,0.88973303,1,34,0.03950736669,0.03772113129,0.001786235394,1.188668616,0.0009895953979,0.000832524208,0.1255774956,1.000020504,0.1255800705,1.012856395,tolerance
scene,0.01,0.01,6,0.91723817,1,37,0.05431006775,0.04670534211,0.007604725637,1.400381538,0.001166429048,0.0008329366083,0.1857206958,0.9999836138,0.1857176526,1.038087008,tolerance
scene,0.01,0.01,12,0.90849831,1,37,0.04755895308,0.0413084121,0.006250540984,1.250398827,0.001040891486,0.0008324475865,0.1323084509,0.9999724634,0.1323048076,1.016939976,tolerance
scene,0.01,0.01,24,0.90688214,1,37,0.03796220708,0.03513047175,0.002831735325,1.175989003,0.000979050607,0.0008325338115,0.1241320954,1.00002151,0.1241347655,1.012170384,tolerance
scene,0.01,0.05,6,0.90591032,1,40,0.05178045913,0.04493768897,0.006842770163,1.394087032,0.001161181117,0.0008329330168,0.1848964485,0.9999836152,0.184893419,1.037478481,tolerance
scene,0.01,0.05,12,0.90135843,1,40,0.04521344659,0.03967162584,0.005541820744,1.2463169,0.001037497057,0.0008324504439,0.1318934443,0.9999724623,0.1318898123,1.016677005,tolerance
scene,0.01,0.05,24,0.89858814,1,40,0.03794715081,0.03371323299,0.004233917815,1.173212989,0.0009767417374,0.0008325357344,0.123728257,1.000021507,0.1237309181,1.011990604,tolerance
scene,0.01,0.1,6,0.90554137,1,41,0.05088967358,0.04437500022,0.006514673356,1.392124324,0.001159545535,0.0008329324578,0.1845836988,0.9999836147,0.1845806744,1.037268345,tolerance
scene,0.01,0.1,12,0.90829614,1,41,0.04451349646,0.03918082987,0.005332666593,1.24508677,0.001036474098,0.0008324512983,0.1317199459,0.9999724615,0.1317163185,1.016586289,tolerance
scene,0.01,0.1,24,0.90214409,1,41,0.03780598686,0.03337607595,0.004429910909,1.172371437,0.0009760417988,0.0008325363175,0.123558073,1.000021506,0.1235607303,1.011927488,tolerance
scene,0.1,1e-05,6,0.86590243,1,34,0.05027210313,0.0450649857,0.005207117435,14.00146221,0.01778163526,0.001269984163,0.8630693435,1.157984753,0.9994211404,2.209580414,tolerance
scene,0.1,1e-05,12,0.87702462,1,34,0.05081954465,0.04527593528,0.005543609371,12.11487526,0.01423718425,0.001175182075,0.9779696336,1.014698425,0.9923442473,2.003031427,tolerance
scene,0.1,1e-05,24,0.87820634,1,34,0.05044564014,0.04476950581,0.00567613433,11.46878512,0.01240101406,0.001081284018,0.881481237,1.000832124,0.882214739,1.829920682,tolerance
scene,0.1,0.0001,6,0.83706195,1,33,0.05388846052,0.04599336617,0.007895094346,12.55717857,0.01551651904,0.001235669219,0.8344485855,1.197913358,0.9995971073,2.099533802,tolerance
scene,0.1,0.0001,12,0.85287091,1,33,0.05242014779,0.0453214347,0.007098713094,10.98313261,0.0122738478,0.001117517947,0.9778939123,1.009904787,0.9875797429,1.867710153,tolerance
scene,0.1,0.0001,24,0.84610286,1,33,0.05262908767,0.04563019284,0.00699889483,10.08838219,0.01050891534,0.001041684895,0.8721656631,1.000857068,0.8729131685,1.714734761,tolerance
scene,0.1,0.001,6,0.80940387,1,33,0.06237256887,0.05462744866,0.007745120207,7.712558673,0.008999107451,0.001166812187,0.9231144711,1.081882382,0.9987012826,1.897270904,tolerance
scene,0.1,0.001,12,0.81916903,1,33,0.06267623797,0.05399269713,0.008683540833,7.530610328,0.008078627504,0.001072771947,0.9142314155,1.001660836,0.9157498036,1.721772174,tolerance
scene,0.1,0.001,24,0.82773292,1,33,0.05963584338,0.05212384829,0.007511995099,6.199459614,0.006127516898,0.0009883953246,0.7708002372,1.00051582,0.7711978312,1.548189285,tolerance
scene,0.1,0.01,6,0.78187417,1,37,0.06244715969,0.05771683501,0.00473032468,3.27354674,0.003628493725,0.001108428873,0.9451036812,1.004431403,0.9492918161,1.751169644,tolerance
scene,0.1,0.01,12,0.79517434,1,37,0.06121639249,0.05683173505,0.004384657432,3.134233179,0.003165296582,0.001009911006,0.7679262976,1.001048301,0.7687313151,1.570193628,tolerance
scene,0.1,0.01,24,0.81422484,1,37,0.06059218914,0.05602986395,0.004562325198,2.747710808,0.002563669124,0.0009330199946,0.6312977231,1.0003957,0.6315475276,1.40844214,tolerance
scene,0.1,0.05,6,0.75442101,1,40,0.06169306055,0.06071478701,0.0009782735486,2.781282327,0.003035402123,0.001091367853,0.9101942972,1.002869153,0.9128057838,1.713442592,tolerance
scene,0.1,0.05,12,0.77254505,1,40,0.05974659233,0.05900350641,0.000743085913,2.757425124,0.002746465564,0.0009960254371,0.7331805504,1.000970099,0.733891808,1.538269849,tolerance
scene,0.1,0.05,24,0.79198185,1,40,0.05862776395,0.0570237227,0.001604041258,2.569933807,0.002376581855,0.0009247638396,0.6081765005,1.000362341,0.6083968676,1.38679977,tolerance
scene,0.1,0.1,6,0.76041682,1,41,0.06343481928,0.06273363221,0.0007011870653,2.773823844,0.003019030596,0.001088400261,0.9036349316,1.002696187,0.9060713003,1.706975623,tolerance
scene,0.1,0.1,12,0.76702062,1,41,0.06043596989,0.05994791138,0.0004880585131,2.747554802,0.002730545581,0.0009938093242,0.7275794993,1.000957485,0.7282761459,1.533256087,tolerance
scene,0.1,0.1,24,0.78950884,1,41,0.05770609877,0.05651411277,0.001191986003,2.558351854,0.002362592664,0.0009234823037,0.6048466089,1.000356265,0.6050620946,1.383650204,tolerance
scene,0.5,1e-05,6,0.84735595,1,33,0.04971094022,0.04769276558,0.002018174642,17.25479465,0.02742252458,0.00158926983,0.7235116415,1.457719253,1.054676849,2.883261618,tolerance
scene,0.5,1e-05,12,0.85047073,1,33,0.04966576804,0.04740049599,0.002265272044,15.93321947,0.02435772976,0.001528738734,0.7114466415,1.414047702,1.006019488,2.743784517,tolerance
scene,0.5,1e-05,24,0.84804993,1,33,0.04940137412,0.04752213445,0.001879239674,15.70791455,0.0228784121,0.001456489467,0.7351648574,1.360287118,1.000035285,2.618674344,tolerance
scene,0.5,0.0001,6,0.80982670,1,33,0.05192846459,0.04973653091,0.002191933676,16.63829283,0.02578095902,0.001549495449,0.7169200202,1.472891567,1.055945452,2.785542813,tolerance
scene,0.5,0.0001,12,0.81570920,1,33,0.0509384599,0.04883869572,0.002099764184,15.58886213,0.02301960481,0.001476669985,0.7109053527,1.406875044,1.000154999,2.640956007,tolerance
scene,0.5,0.0001,24,0.81252988,1,33,0.05113390817,0.04917839068,0.001955517497,15.20409843,0.02158094591,0.001419416351,0.7360517811,1.358642634,1.000031331,2.533119545,tolerance
scene,0.5,0.001,6,NaN,0,NaN,NaN,NaN,NaN,NaN,NaN,NaN,NaN,NaN,NaN,NaN,error
scene,0.5,0.001,12,NaN,0,NaN,NaN,NaN,NaN,NaN,NaN,NaN,NaN,NaN,NaN,NaN,error
scene,0.5,0.001,24,0.79364088,1,33,0.05811739936,0.05670300461,0.001414394751,13.18708496,0.01799683257,0.001364731677,0.7565440763,1.32184921,1.00003719,2.395199663,tolerance
scene,0.5,0.01,6,0.76167802,1,37,0.07197519569,0.0713866731,0.0005885225865,7.974420944,0.01123917259,0.001409402974,0.7379631627,1.355295707,1.000158306,2.394631241,tolerance
scene,0.5,0.01,12,0.76406525,1,37,0.07169189126,0.07052883294,0.001163058321,8.134406014,0.01091022747,0.001341244517,0.7764259687,1.288070756,1.000091585,2.281623547,tolerance
scene,0.5,0.01,24,0.76530051,1,37,0.07222031986,0.0707553094,0.001465010461,7.979109627,0.01023437742,0.001282646548,0.8107408154,1.233427128,0.9999897152,2.175284326,tolerance
scene,0.5,0.05,6,0.75431186,1,40,0.06826493398,0.06498470317,0.003280230814,5.472043489,0.007434256894,0.001358588781,0.769358455,1.299842596,1.000044891,2.271144887,tolerance
scene,0.5,0.05,12,0.75327855,1,40,0.06733176905,0.06512579516,0.002205973886,5.639984601,0.007277844398,0.001290401466,0.8162766291,1.224968535,0.9999131868,2.158114527,tolerance
scene,0.5,0.05,24,0.75605858,1,40,0.06743992541,0.06575492372,0.001685001686,5.592522717,0.006907881983,0.001235199629,0.855366506,1.168754358,0.9997133313,2.058698414,tolerance
scene,0.5,0.1,6,0.74370929,1,41,0.06707281611,0.06451840228,0.002554413832,5.157849626,0.006937668101,0.001345069865,0.7794848747,1.282895669,0.9999977695,2.240631748,tolerance
scene,0.5,0.1,12,0.75222208,1,41,0.06591645645,0.06450168747,0.001414768973,5.302291851,0.006770972982,0.00127698987,0.8288693163,1.206242763,0.9998176144,2.127678518,tolerance
scene,0.5,0.1,24,0.74307177,1,41,0.06587509199,0.06466008395,0.001215008036,5.25739691,0.006426734666,0.001222417629,0.8694910575,1.149582653,0.9995518364,2.029279113,tolerance
scene,1,1e-05,6,0.84723299,1,35,0.05033276345,0.04963082867,0.0007019347801,18.68009794,0.03189983999,0.00170769126,0.7868807535,1.459781831,1.148674227,3.159233883,tolerance
scene,1,1e-05,12,0.83990716,1,34,0.05036568307,0.04962120902,0.0007444740451,17.50002266,0.02896235266,0.001654989438,0.7768525739,1.428286941,1.109568386,3.035656738,tolerance
scene,1,1e-05,24,0.83937474,1,34,0.0506023803,0.04941832821,0.001184052092,17.32274312,0.02756871297,0.001591475021,0.7742770976,1.385736634,1.072944139,2.927464449,tolerance
scene,1,0.0001,6,0.80449758,1,35,0.05191821237,0.051595116,0.0003230963729,18.18295621,0.03036607069,0.001670029358,0.779111841,1.470887628,1.145985968,3.069970696,tolerance
scene,1,0.0001,12,0.80359200,1,35,0.0512561632,0.05062861071,0.0006275524928,17.26786566,0.02773772379,0.001606320337,0.7690438235,1.418894686,1.091192194,2.942819605,tolerance
scene,1,0.0001,24,0.81880542,1,35,0.0512856938,0.05089033663,0.0003953571733,16.95822865,0.02639513831,0.001556479681,0.7637843922,1.382965398,1.056287386,2.850567412,tolerance
scene,1,0.001,6,0.76220211,1,35,0.05943040106,0.05762730785,0.001803093214,15.5902452,0.02518808834,0.001615631314,0.7749969112,1.42990495,1.108171919,2.918852203,tolerance
scene,1,0.001,12,0.76834876,1,35,0.05924031306,0.05729517217,0.001945140892,15.82408243,0.02466766809,0.001558868781,0.7626133614,1.390624811,1.060509062,2.829095414,tolerance
scene,1,0.001,24,0.77080971,1,35,0.05806235479,0.05601197254,0.002050382257,15.47667326,0.02329619816,0.001505245848,0.7545501513,1.35489617,1.02233711,2.729852667,tolerance
scene,1,0.01,6,0.75386893,1,37,0.07264439378,0.07180131552,0.0008430782604,11.14691486,0.01705600313,0.001530109752,0.7526437226,1.382779132,1.040740033,2.690385426,tolerance
scene,1,0.01,12,0.74878832,1,37,0.07211061112,0.0708358668,0.00127474432,11.4126612,0.01678516998,0.00147074987,0.7491869945,1.335718483,1.000702916,2.597101732,tolerance
scene,1,0.01,24,0.75136221,1,37,0.07224417383,0.07131178677,0.000932387057,11.41794622,0.01621065201,0.001419752003,0.7695794973,1.299706578,1.000227535,2.507814466,tolerance
scene,1,0.05,6,0.74866511,1,40,0.07176974037,0.07060015332,0.001169587052,8.820393019,0.01294665005,0.00146780875,0.7419507255,1.348558484,1.000563946,2.531445868,tolerance
scene,1,0.05,12,0.74690280,1,40,0.07103775798,0.07040686407,0.0006308939043,9.116639097,0.01283981109,0.001408393044,0.771331377,1.296806752,1.000267738,2.438120996,tolerance
scene,1,0.05,24,0.73993243,1,40,0.07157664628,0.07087002147,0.0007066248018,9.179502423,0.01247713484,0.001359238689,0.7950520758,1.25803352,1.000202162,2.352615742,tolerance
scene,1,0.1,6,0.73241012,1,41,0.07014079992,0.06781577671,0.002325023211,8.156212068,0.01181203329,0.001448225376,0.7490751103,1.335291415,1.000233564,2.481438735,tolerance
scene,1,0.1,12,0.74720714,1,41,0.06933651924,0.06770757152,0.001628947719,8.443738513,0.01172405417,0.001388490909,0.7805145296,1.281459204,1.000197528,2.387351705,tolerance
scene,1,0.1,24,0.74945554,1,41,0.06958746421,0.06814799487,0.001439469347,8.508356779,0.01139786084,0.001339607768,0.8056696287,1.241377933,1.000140498,2.302256593,tolerance
